Designator,Mid X,Mid Y,Rotation,Layer
C1,-14.5,-73.3,270.0,top
C10,-9.6,-62.0,225.0,top
C11,-6.2,-50.1,315.0,top
C12,-14.6,-51.3,45.0,top
C13,-10.7,-61.3,225.0,top
C14,-4.3,-59.2,270.0,top
C15,-14.8,-59.2,270.0,top
C16,-8.7,-47.2,270.0,top
C17,-6.100001,-44.960039,0.0,top
C18,-6.4,-85.0,0.0,top
C19,4.4,-15.0,90.0,top
C2,-14.5,-69.8,90.0,top
C20,4.4,-4.6,90.0,top
C21,106.2,-13.0,270.0,top
C22,106.2,-23.4,270.0,top
C23,4.4,-35.8,90.0,top
C24,4.4,-25.4,90.0,top
C25,106.2,-33.8,270.0,top
C26,106.2,-44.2,270.0,top
C27,4.4,-57.0,90.0,top
C28,4.4,-46.4,90.0,top
C29,106.2,-54.8,270.0,top
C3,-10.3,-77.3,0.0,top
C30,106.2,-65.2,270.0,top
C31,4.4,-77.6,90.0,top
C32,4.4,-67.2,90.0,top
C33,106.2,-75.6,270.0,top
C34,106.2,-86.0,270.0,top
C4,-4.6,-84.0,270.0,top
C5,-6.6,-81.0,0.0,top
C6,-6.6,-79.8,0.0,top
C7,-4.675811,-78.6,0.0,top
C8,-5.2,-69.3,90.0,top
C9,-6.6,-69.8,180.0,top
D1,9.2,-4.8,90.0,top
D10,12.2,1.2,90.0,top
D100,42.2,-16.8,90.0,top
D1000,102.2,-88.8,90.0,top
D1001,81.2,-91.8,90.0,top
D1002,84.2,-91.8,90.0,top
D1003,87.200002,-91.8,90.0,top
D1004,90.200001,-91.8,90.0,top
D1005,93.200001,-91.8,90.0,top
D1006,96.200001,-91.8,90.0,top
D1007,99.200002,-91.8,90.0,top
D1008,102.2,-91.8,90.0,top
D1009,81.2,-82.8,90.0,top
D101,45.2,-16.8,90.0,top
D1010,84.2,-82.8,90.0,top
D1011,87.2,-82.8,90.0,top
D1012,90.2,-82.8,90.0,top
D1013,93.2,-82.8,90.0,top
D1014,96.2,-82.8,90.0,top
D1015,99.2,-82.8,90.0,top
D1016,102.2,-82.8,90.0,top
D1017,81.2,-79.8,90.0,top
D1018,84.2,-79.8,90.0,top
D1019,87.2,-79.8,90.0,top
D102,48.2,-16.8,90.0,top
D1020,90.2,-79.8,90.0,top
D1021,93.2,-79.8,90.0,top
D1022,96.2,-79.8,90.0,top
D1023,99.2,-79.8,90.0,top
D1024,102.2,-79.8,90.0,top
D103,51.2,-16.8,90.0,top
D104,54.2,-16.8,90.0,top
D105,33.2,-19.8,90.0,top
D106,36.2,-19.8,90.0,top
D107,39.200002,-19.8,90.0,top
D108,42.200001,-19.8,90.0,top
D109,45.200001,-19.8,90.0,top
D11,15.2,1.2,90.0,top
D110,48.200001,-19.8,90.0,top
D111,51.200002,-19.8,90.0,top
D112,54.2,-19.8,90.0,top
D113,33.2,-10.8,90.0,top
D114,36.2,-10.8,90.0,top
D115,39.2,-10.8,90.0,top
D116,42.2,-10.8,90.0,top
D117,45.2,-10.8,90.0,top
D118,48.2,-10.8,90.0,top
D119,51.2,-10.8,90.0,top
D12,18.2,1.2,90.0,top
D120,54.2,-10.8,90.0,top
D121,33.2,-7.8,90.0,top
D122,36.2,-7.8,90.0,top
D123,39.2,-7.8,90.0,top
D124,42.2,-7.8,90.0,top
D125,45.2,-7.8,90.0,top
D126,48.2,-7.8,90.0,top
D127,51.2,-7.8,90.0,top
D128,54.2,-7.8,90.0,top
D129,57.2,-4.8,90.0,top
D13,21.2,1.2,90.0,top
D130,60.2,-4.8,90.0,top
D131,63.2,-4.8,90.0,top
D132,66.2,-4.8,90.0,top
D133,69.2,-4.8,90.0,top
D134,72.2,-4.8,90.0,top
D135,75.2,-4.8,90.0,top
D136,78.2,-4.8,90.0,top
D137,57.2,1.2,90.0,top
D138,60.2,1.2,90.0,top
D139,63.2,1.2,90.0,top
D14,24.2,1.2,90.0,top
D140,66.2,1.2,90.0,top
D141,69.2,1.2,90.0,top
D142,72.2,1.2,90.0,top
D143,75.2,1.2,90.0,top
D144,78.2,1.2,90.0,top
D145,57.2,-1.8,90.0,top
D146,60.2,-1.8,90.0,top
D147,63.2,-1.8,90.0,top
D148,66.2,-1.8,90.0,top
D149,69.2,-1.8,90.0,top
D15,27.2,1.2,90.0,top
D150,72.2,-1.8,90.0,top
D151,75.2,-1.8,90.0,top
D152,78.2,-1.8,90.0,top
D153,57.2,-13.8,90.0,top
D154,60.2,-13.8,90.0,top
D155,63.2,-13.8,90.0,top
D156,66.2,-13.8,90.0,top
D157,69.2,-13.8,90.0,top
D158,72.2,-13.8,90.0,top
D159,75.2,-13.8,90.0,top
D16,30.2,1.2,90.0,top
D160,78.2,-13.8,90.0,top
D161,57.2,-16.8,90.0,top
D162,60.2,-16.8,90.0,top
D163,63.2,-16.8,90.0,top
D164,66.2,-16.8,90.0,top
D165,69.2,-16.8,90.0,top
D166,72.2,-16.8,90.0,top
D167,75.2,-16.8,90.0,top
D168,78.2,-16.8,90.0,top
D169,57.2,-19.8,90.0,top
D17,9.2,-1.8,90.0,top
D170,60.2,-19.8,90.0,top
D171,63.200002,-19.8,90.0,top
D172,66.200001,-19.8,90.0,top
D173,69.200001,-19.8,90.0,top
D174,72.200001,-19.8,90.0,top
D175,75.200002,-19.8,90.0,top
D176,78.2,-19.8,90.0,top
D177,57.2,-10.8,90.0,top
D178,60.2,-10.8,90.0,top
D179,63.2,-10.8,90.0,top
D18,12.2,-1.8,90.0,top
D180,66.2,-10.8,90.0,top
D181,69.2,-10.8,90.0,top
D182,72.2,-10.8,90.0,top
D183,75.2,-10.8,90.0,top
D184,78.2,-10.8,90.0,top
D185,57.2,-7.8,90.0,top
D186,60.2,-7.8,90.0,top
D187,63.2,-7.8,90.0,top
D188,66.2,-7.8,90.0,top
D189,69.2,-7.8,90.0,top
D19,15.2,-1.8,90.0,top
D190,72.2,-7.8,90.0,top
D191,75.2,-7.8,90.0,top
D192,78.2,-7.8,90.0,top
D193,81.2,-4.8,90.0,top
D194,84.2,-4.8,90.0,top
D195,87.2,-4.8,90.0,top
D196,90.2,-4.8,90.0,top
D197,93.2,-4.8,90.0,top
D198,96.2,-4.8,90.0,top
D199,99.2,-4.8,90.0,top
D2,12.2,-4.8,90.0,top
D20,18.2,-1.8,90.0,top
D200,102.2,-4.8,90.0,top
D201,81.2,1.2,90.0,top
D202,84.2,1.2,90.0,top
D203,87.2,1.2,90.0,top
D204,90.2,1.2,90.0,top
D205,93.2,1.2,90.0,top
D206,96.2,1.2,90.0,top
D207,99.2,1.2,90.0,top
D208,102.2,1.2,90.0,top
D209,81.2,-1.8,90.0,top
D21,21.2,-1.8,90.0,top
D210,84.2,-1.8,90.0,top
D211,87.2,-1.8,90.0,top
D212,90.2,-1.8,90.0,top
D213,93.2,-1.8,90.0,top
D214,96.2,-1.8,90.0,top
D215,99.2,-1.8,90.0,top
D216,102.2,-1.8,90.0,top
D217,81.2,-13.8,90.0,top
D218,84.2,-13.8,90.0,top
D219,87.2,-13.8,90.0,top
D22,24.2,-1.8,90.0,top
D220,90.2,-13.8,90.0,top
D221,93.2,-13.8,90.0,top
D222,96.2,-13.8,90.0,top
D223,99.2,-13.8,90.0,top
D224,102.2,-13.8,90.0,top
D225,81.2,-16.8,90.0,top
D226,84.2,-16.8,90.0,top
D227,87.2,-16.8,90.0,top
D228,90.2,-16.8,90.0,top
D229,93.2,-16.8,90.0,top
D23,27.2,-1.8,90.0,top
D230,96.2,-16.8,90.0,top
D231,99.2,-16.8,90.0,top
D232,102.2,-16.8,90.0,top
D233,81.2,-19.8,90.0,top
D234,84.2,-19.8,90.0,top
D235,87.200002,-19.8,90.0,top
D236,90.200001,-19.8,90.0,top
D237,93.200001,-19.8,90.0,top
D238,96.200001,-19.8,90.0,top
D239,99.200002,-19.8,90.0,top
D24,30.2,-1.8,90.0,top
D240,102.2,-19.8,90.0,top
D241,81.2,-10.8,90.0,top
D242,84.2,-10.8,90.0,top
D243,87.2,-10.8,90.0,top
D244,90.2,-10.8,90.0,top
D245,93.2,-10.8,90.0,top
D246,96.2,-10.8,90.0,top
D247,99.2,-10.8,90.0,top
D248,102.2,-10.8,90.0,top
D249,81.2,-7.8,90.0,top
D25,9.2,-13.8,90.0,top
D250,84.2,-7.8,90.0,top
D251,87.2,-7.8,90.0,top
D252,90.2,-7.8,90.0,top
D253,93.2,-7.8,90.0,top
D254,96.2,-7.8,90.0,top
D255,99.2,-7.8,90.0,top
D256,102.2,-7.8,90.0,top
D257,9.2,-28.8,90.0,top
D258,12.2,-28.8,90.0,top
D259,15.2,-28.8,90.0,top
D26,12.2,-13.8,90.0,top
D260,18.2,-28.8,90.0,top
D261,21.2,-28.8,90.0,top
D262,24.2,-28.8,90.0,top
D263,27.2,-28.8,90.0,top
D264,30.2,-28.8,90.0,top
D265,9.2,-22.8,90.0,top
D266,12.2,-22.8,90.0,top
D267,15.2,-22.8,90.0,top
D268,18.2,-22.8,90.0,top
D269,21.2,-22.8,90.0,top
D27,15.2,-13.8,90.0,top
D270,24.2,-22.8,90.0,top
D271,27.2,-22.8,90.0,top
D272,30.2,-22.8,90.0,top
D273,9.2,-25.8,90.0,top
D274,12.2,-25.8,90.0,top
D275,15.2,-25.8,90.0,top
D276,18.2,-25.8,90.0,top
D277,21.2,-25.8,90.0,top
D278,24.2,-25.8,90.0,top
D279,27.2,-25.8,90.0,top
D28,18.2,-13.8,90.0,top
D280,30.2,-25.8,90.0,top
D281,9.2,-37.8,90.0,top
D282,12.2,-37.8,90.0,top
D283,15.2,-37.8,90.0,top
D284,18.2,-37.8,90.0,top
D285,21.2,-37.8,90.0,top
D286,24.2,-37.8,90.0,top
D287,27.2,-37.8,90.0,top
D288,30.2,-37.8,90.0,top
D289,9.2,-40.8,90.0,top
D29,21.2,-13.8,90.0,top
D290,12.2,-40.8,90.0,top
D291,15.2,-40.8,90.0,top
D292,18.2,-40.8,90.0,top
D293,21.2,-40.8,90.0,top
D294,24.2,-40.8,90.0,top
D295,27.2,-40.8,90.0,top
D296,30.2,-40.8,90.0,top
D297,9.2,-43.8,90.0,top
D298,12.2,-43.8,90.0,top
D299,15.200002,-43.8,90.0,top
D3,15.2,-4.8,90.0,top
D30,24.2,-13.8,90.0,top
D300,18.200001,-43.8,90.0,top
D301,21.200001,-43.8,90.0,top
D302,24.200001,-43.8,90.0,top
D303,27.200002,-43.8,90.0,top
D304,30.2,-43.8,90.0,top
D305,9.2,-34.8,90.0,top
D306,12.2,-34.8,90.0,top
D307,15.2,-34.8,90.0,top
D308,18.2,-34.8,90.0,top
D309,21.2,-34.8,90.0,top
D31,27.2,-13.8,90.0,top
D310,24.2,-34.8,90.0,top
D311,27.2,-34.8,90.0,top
D312,30.2,-34.8,90.0,top
D313,9.2,-31.8,90.0,top
D314,12.2,-31.8,90.0,top
D315,15.2,-31.8,90.0,top
D316,18.2,-31.8,90.0,top
D317,21.2,-31.8,90.0,top
D318,24.2,-31.8,90.0,top
D319,27.2,-31.8,90.0,top
D32,30.2,-13.8,90.0,top
D320,30.2,-31.8,90.0,top
D321,33.2,-28.8,90.0,top
D322,36.2,-28.8,90.0,top
D323,39.2,-28.8,90.0,top
D324,42.2,-28.8,90.0,top
D325,45.2,-28.8,90.0,top
D326,48.2,-28.8,90.0,top
D327,51.2,-28.8,90.0,top
D328,54.2,-28.8,90.0,top
D329,33.2,-22.8,90.0,top
D33,9.2,-16.8,90.0,top
D330,36.2,-22.8,90.0,top
D331,39.2,-22.8,90.0,top
D332,42.2,-22.8,90.0,top
D333,45.2,-22.8,90.0,top
D334,48.2,-22.8,90.0,top
D335,51.2,-22.8,90.0,top
D336,54.2,-22.8,90.0,top
D337,33.2,-25.8,90.0,top
D338,36.2,-25.8,90.0,top
D339,39.2,-25.8,90.0,top
D34,12.2,-16.8,90.0,top
D340,42.2,-25.8,90.0,top
D341,45.2,-25.8,90.0,top
D342,48.2,-25.8,90.0,top
D343,51.2,-25.8,90.0,top
D344,54.2,-25.8,90.0,top
D345,33.2,-37.8,90.0,top
D346,36.2,-37.8,90.0,top
D347,39.2,-37.8,90.0,top
D348,42.2,-37.8,90.0,top
D349,45.2,-37.8,90.0,top
D35,15.2,-16.8,90.0,top
D350,48.2,-37.8,90.0,top
D351,51.2,-37.8,90.0,top
D352,54.2,-37.8,90.0,top
D353,33.2,-40.8,90.0,top
D354,36.2,-40.8,90.0,top
D355,39.2,-40.8,90.0,top
D356,42.2,-40.8,90.0,top
D357,45.2,-40.8,90.0,top
D358,48.2,-40.8,90.0,top
D359,51.2,-40.8,90.0,top
D36,18.2,-16.8,90.0,top
D360,54.2,-40.8,90.0,top
D361,33.2,-43.8,90.0,top
D362,36.2,-43.8,90.0,top
D363,39.200002,-43.8,90.0,top
D364,42.200001,-43.8,90.0,top
D365,45.200001,-43.8,90.0,top
D366,48.200001,-43.8,90.0,top
D367,51.200002,-43.8,90.0,top
D368,54.2,-43.8,90.0,top
D369,33.2,-34.8,90.0,top
D37,21.2,-16.8,90.0,top
D370,36.2,-34.8,90.0,top
D371,39.2,-34.8,90.0,top
D372,42.2,-34.8,90.0,top
D373,45.2,-34.8,90.0,top
D374,48.2,-34.8,90.0,top
D375,51.2,-34.8,90.0,top
D376,54.2,-34.8,90.0,top
D377,33.2,-31.8,90.0,top
D378,36.2,-31.8,90.0,top
D379,39.2,-31.8,90.0,top
D38,24.2,-16.8,90.0,top
D380,42.2,-31.8,90.0,top
D381,45.2,-31.8,90.0,top
D382,48.2,-31.8,90.0,top
D383,51.2,-31.8,90.0,top
D384,54.2,-31.8,90.0,top
D385,57.2,-28.8,90.0,top
D386,60.2,-28.8,90.0,top
D387,63.2,-28.8,90.0,top
D388,66.2,-28.8,90.0,top
D389,69.2,-28.8,90.0,top
D39,27.2,-16.8,90.0,top
D390,72.2,-28.8,90.0,top
D391,75.2,-28.8,90.0,top
D392,78.2,-28.8,90.0,top
D393,57.2,-22.8,90.0,top
D394,60.2,-22.8,90.0,top
D395,63.2,-22.8,90.0,top
D396,66.2,-22.8,90.0,top
D397,69.2,-22.8,90.0,top
D398,72.2,-22.8,90.0,top
D399,75.2,-22.8,90.0,top
D4,18.2,-4.8,90.0,top
D40,30.2,-16.8,90.0,top
D400,78.2,-22.8,90.0,top
D401,57.2,-25.8,90.0,top
D402,60.2,-25.8,90.0,top
D403,63.2,-25.8,90.0,top
D404,66.2,-25.8,90.0,top
D405,69.2,-25.8,90.0,top
D406,72.2,-25.8,90.0,top
D407,75.2,-25.8,90.0,top
D408,78.2,-25.8,90.0,top
D409,57.2,-37.8,90.0,top
D41,9.2,-19.8,90.0,top
D410,60.2,-37.8,90.0,top
D411,63.2,-37.8,90.0,top
D412,66.2,-37.8,90.0,top
D413,69.2,-37.8,90.0,top
D414,72.2,-37.8,90.0,top
D415,75.2,-37.8,90.0,top
D416,78.2,-37.8,90.0,top
D417,57.2,-40.8,90.0,top
D418,60.2,-40.8,90.0,top
D419,63.2,-40.8,90.0,top
D42,12.2,-19.8,90.0,top
D420,66.2,-40.8,90.0,top
D421,69.2,-40.8,90.0,top
D422,72.2,-40.8,90.0,top
D423,75.2,-40.8,90.0,top
D424,78.2,-40.8,90.0,top
D425,57.2,-43.8,90.0,top
D426,60.2,-43.8,90.0,top
D427,63.200002,-43.8,90.0,top
D428,66.200001,-43.8,90.0,top
D429,69.200001,-43.8,90.0,top
D43,15.200002,-19.8,90.0,top
D430,72.200001,-43.8,90.0,top
D431,75.200002,-43.8,90.0,top
D432,78.2,-43.8,90.0,top
D433,57.2,-34.8,90.0,top
D434,60.2,-34.8,90.0,top
D435,63.2,-34.8,90.0,top
D436,66.2,-34.8,90.0,top
D437,69.2,-34.8,90.0,top
D438,72.2,-34.8,90.0,top
D439,75.2,-34.8,90.0,top
D44,18.200001,-19.8,90.0,top
D440,78.2,-34.8,90.0,top
D441,57.2,-31.8,90.0,top
D442,60.2,-31.8,90.0,top
D443,63.2,-31.8,90.0,top
D444,66.2,-31.8,90.0,top
D445,69.2,-31.8,90.0,top
D446,72.2,-31.8,90.0,top
D447,75.2,-31.8,90.0,top
D448,78.2,-31.8,90.0,top
D449,81.2,-28.8,90.0,top
D45,21.200001,-19.8,90.0,top
D450,84.2,-28.8,90.0,top
D451,87.2,-28.8,90.0,top
D452,90.2,-28.8,90.0,top
D453,93.2,-28.8,90.0,top
D454,96.2,-28.8,90.0,top
D455,99.2,-28.8,90.0,top
D456,102.2,-28.8,90.0,top
D457,81.2,-22.8,90.0,top
D458,84.2,-22.8,90.0,top
D459,87.2,-22.8,90.0,top
D46,24.200001,-19.8,90.0,top
D460,90.2,-22.8,90.0,top
D461,93.2,-22.8,90.0,top
D462,96.2,-22.8,90.0,top
D463,99.2,-22.8,90.0,top
D464,102.2,-22.8,90.0,top
D465,81.2,-25.8,90.0,top
D466,84.2,-25.8,90.0,top
D467,87.2,-25.8,90.0,top
D468,90.2,-25.8,90.0,top
D469,93.2,-25.8,90.0,top
D47,27.200002,-19.8,90.0,top
D470,96.2,-25.8,90.0,top
D471,99.2,-25.8,90.0,top
D472,102.2,-25.8,90.0,top
D473,81.2,-37.8,90.0,top
D474,84.2,-37.8,90.0,top
D475,87.2,-37.8,90.0,top
D476,90.2,-37.8,90.0,top
D477,93.2,-37.8,90.0,top
D478,96.2,-37.8,90.0,top
D479,99.2,-37.8,90.0,top
D48,30.2,-19.8,90.0,top
D480,102.2,-37.8,90.0,top
D481,81.2,-40.8,90.0,top
D482,84.2,-40.8,90.0,top
D483,87.2,-40.8,90.0,top
D484,90.2,-40.8,90.0,top
D485,93.2,-40.8,90.0,top
D486,96.2,-40.8,90.0,top
D487,99.2,-40.8,90.0,top
D488,102.2,-40.8,90.0,top
D489,81.2,-43.8,90.0,top
D49,9.2,-10.8,90.0,top
D490,84.2,-43.8,90.0,top
D491,87.200002,-43.8,90.0,top
D492,90.200001,-43.8,90.0,top
D493,93.200001,-43.8,90.0,top
D494,96.200001,-43.8,90.0,top
D495,99.200002,-43.8,90.0,top
D496,102.2,-43.8,90.0,top
D497,81.2,-34.8,90.0,top
D498,84.2,-34.8,90.0,top
D499,87.2,-34.8,90.0,top
D5,21.2,-4.8,90.0,top
D50,12.2,-10.8,90.0,top
D500,90.2,-34.8,90.0,top
D501,93.2,-34.8,90.0,top
D502,96.2,-34.8,90.0,top
D503,99.2,-34.8,90.0,top
D504,102.2,-34.8,90.0,top
D505,81.2,-31.8,90.0,top
D506,84.2,-31.8,90.0,top
D507,87.2,-31.8,90.0,top
D508,90.2,-31.8,90.0,top
D509,93.2,-31.8,90.0,top
D51,15.2,-10.8,90.0,top
D510,96.2,-31.8,90.0,top
D511,99.2,-31.8,90.0,top
D512,102.2,-31.8,90.0,top
D513,9.2,-52.8,90.0,top
D514,12.2,-52.8,90.0,top
D515,15.2,-52.8,90.0,top
D516,18.2,-52.8,90.0,top
D517,21.2,-52.8,90.0,top
D518,24.2,-52.8,90.0,top
D519,27.2,-52.8,90.0,top
D52,18.2,-10.8,90.0,top
D520,30.2,-52.8,90.0,top
D521,9.2,-46.8,90.0,top
D522,12.2,-46.8,90.0,top
D523,15.2,-46.8,90.0,top
D524,18.2,-46.8,90.0,top
D525,21.2,-46.8,90.0,top
D526,24.2,-46.8,90.0,top
D527,27.2,-46.8,90.0,top
D528,30.2,-46.8,90.0,top
D529,9.2,-49.8,90.0,top
D53,21.2,-10.8,90.0,top
D530,12.2,-49.8,90.0,top
D531,15.2,-49.8,90.0,top
D532,18.2,-49.8,90.0,top
D533,21.2,-49.8,90.0,top
D534,24.2,-49.8,90.0,top
D535,27.2,-49.8,90.0,top
D536,30.2,-49.8,90.0,top
D537,9.2,-61.8,90.0,top
D538,12.2,-61.8,90.0,top
D539,15.2,-61.8,90.0,top
D54,24.2,-10.8,90.0,top
D540,18.2,-61.8,90.0,top
D541,21.2,-61.8,90.0,top
D542,24.2,-61.8,90.0,top
D543,27.2,-61.8,90.0,top
D544,30.2,-61.8,90.0,top
D545,9.2,-64.8,90.0,top
D546,12.2,-64.8,90.0,top
D547,15.2,-64.8,90.0,top
D548,18.2,-64.8,90.0,top
D549,21.2,-64.8,90.0,top
D55,27.2,-10.8,90.0,top
D550,24.2,-64.8,90.0,top
D551,27.2,-64.8,90.0,top
D552,30.2,-64.8,90.0,top
D553,9.2,-67.8,90.0,top
D554,12.2,-67.8,90.0,top
D555,15.200002,-67.8,90.0,top
D556,18.200001,-67.8,90.0,top
D557,21.200001,-67.8,90.0,top
D558,24.200001,-67.8,90.0,top
D559,27.200002,-67.8,90.0,top
D56,30.2,-10.8,90.0,top
D560,30.2,-67.8,90.0,top
D561,9.2,-58.8,90.0,top
D562,12.2,-58.8,90.0,top
D563,15.2,-58.8,90.0,top
D564,18.2,-58.8,90.0,top
D565,21.2,-58.8,90.0,top
D566,24.2,-58.8,90.0,top
D567,27.2,-58.8,90.0,top
D568,30.2,-58.8,90.0,top
D569,9.2,-55.8,90.0,top
D57,9.2,-7.8,90.0,top
D570,12.2,-55.8,90.0,top
D571,15.2,-55.8,90.0,top
D572,18.2,-55.8,90.0,top
D573,21.2,-55.8,90.0,top
D574,24.2,-55.8,90.0,top
D575,27.2,-55.8,90.0,top
D576,30.2,-55.8,90.0,top
D577,33.2,-52.8,90.0,top
D578,36.2,-52.8,90.0,top
D579,39.2,-52.8,90.0,top
D58,12.2,-7.8,90.0,top
D580,42.2,-52.8,90.0,top
D581,45.2,-52.8,90.0,top
D582,48.2,-52.8,90.0,top
D583,51.2,-52.8,90.0,top
D584,54.2,-52.8,90.0,top
D585,33.2,-46.8,90.0,top
D586,36.2,-46.8,90.0,top
D587,39.2,-46.8,90.0,top
D588,42.2,-46.8,90.0,top
D589,45.2,-46.8,90.0,top
D59,15.2,-7.8,90.0,top
D590,48.2,-46.8,90.0,top
D591,51.2,-46.8,90.0,top
D592,54.2,-46.8,90.0,top
D593,33.2,-49.8,90.0,top
D594,36.2,-49.8,90.0,top
D595,39.2,-49.8,90.0,top
D596,42.2,-49.8,90.0,top
D597,45.2,-49.8,90.0,top
D598,48.2,-49.8,90.0,top
D599,51.2,-49.8,90.0,top
D6,24.2,-4.8,90.0,top
D60,18.2,-7.8,90.0,top
D600,54.2,-49.8,90.0,top
D601,33.2,-61.8,90.0,top
D602,36.2,-61.8,90.0,top
D603,39.2,-61.8,90.0,top
D604,42.2,-61.8,90.0,top
D605,45.2,-61.8,90.0,top
D606,48.2,-61.8,90.0,top
D607,51.2,-61.8,90.0,top
D608,54.2,-61.8,90.0,top
D609,33.2,-64.8,90.0,top
D61,21.2,-7.8,90.0,top
D610,36.2,-64.8,90.0,top
D611,39.2,-64.8,90.0,top
D612,42.2,-64.8,90.0,top
D613,45.2,-64.8,90.0,top
D614,48.2,-64.8,90.0,top
D615,51.2,-64.8,90.0,top
D616,54.2,-64.8,90.0,top
D617,33.2,-67.8,90.0,top
D618,36.2,-67.8,90.0,top
D619,39.200002,-67.8,90.0,top
D62,24.2,-7.8,90.0,top
D620,42.200001,-67.8,90.0,top
D621,45.200001,-67.8,90.0,top
D622,48.200001,-67.8,90.0,top
D623,51.200002,-67.8,90.0,top
D624,54.2,-67.8,90.0,top
D625,33.2,-58.8,90.0,top
D626,36.2,-58.8,90.0,top
D627,39.2,-58.8,90.0,top
D628,42.2,-58.8,90.0,top
D629,45.2,-58.8,90.0,top
D63,27.2,-7.8,90.0,top
D630,48.2,-58.8,90.0,top
D631,51.2,-58.8,90.0,top
D632,54.2,-58.8,90.0,top
D633,33.2,-55.8,90.0,top
D634,36.2,-55.8,90.0,top
D635,39.2,-55.8,90.0,top
D636,42.2,-55.8,90.0,top
D637,45.2,-55.8,90.0,top
D638,48.2,-55.8,90.0,top
D639,51.2,-55.8,90.0,top
D64,30.2,-7.8,90.0,top
D640,54.2,-55.8,90.0,top
D641,57.2,-52.8,90.0,top
D642,60.2,-52.8,90.0,top
D643,63.2,-52.8,90.0,top
D644,66.2,-52.8,90.0,top
D645,69.2,-52.8,90.0,top
D646,72.2,-52.8,90.0,top
D647,75.2,-52.8,90.0,top
D648,78.2,-52.8,90.0,top
D649,57.2,-46.8,90.0,top
D65,33.2,-4.8,90.0,top
D650,60.2,-46.8,90.0,top
D651,63.2,-46.8,90.0,top
D652,66.2,-46.8,90.0,top
D653,69.2,-46.8,90.0,top
D654,72.2,-46.8,90.0,top
D655,75.2,-46.8,90.0,top
D656,78.2,-46.8,90.0,top
D657,57.2,-49.8,90.0,top
D658,60.2,-49.8,90.0,top
D659,63.2,-49.8,90.0,top
D66,36.2,-4.8,90.0,top
D660,66.2,-49.8,90.0,top
D661,69.2,-49.8,90.0,top
D662,72.2,-49.8,90.0,top
D663,75.2,-49.8,90.0,top
D664,78.2,-49.8,90.0,top
D665,57.2,-61.8,90.0,top
D666,60.2,-61.8,90.0,top
D667,63.2,-61.8,90.0,top
D668,66.2,-61.8,90.0,top
D669,69.2,-61.8,90.0,top
D67,39.2,-4.8,90.0,top
D670,72.2,-61.8,90.0,top
D671,75.2,-61.8,90.0,top
D672,78.2,-61.8,90.0,top
D673,57.2,-64.8,90.0,top
D674,60.2,-64.8,90.0,top
D675,63.2,-64.8,90.0,top
D676,66.2,-64.8,90.0,top
D677,69.2,-64.8,90.0,top
D678,72.2,-64.8,90.0,top
D679,75.2,-64.8,90.0,top
D68,42.2,-4.8,90.0,top
D680,78.2,-64.8,90.0,top
D681,57.2,-67.8,90.0,top
D682,60.2,-67.8,90.0,top
D683,63.200002,-67.8,90.0,top
D684,66.200001,-67.8,90.0,top
D685,69.200001,-67.8,90.0,top
D686,72.200001,-67.8,90.0,top
D687,75.200002,-67.8,90.0,top
D688,78.2,-67.8,90.0,top
D689,57.2,-58.8,90.0,top
D69,45.2,-4.8,90.0,top
D690,60.2,-58.8,90.0,top
D691,63.2,-58.8,90.0,top
D692,66.2,-58.8,90.0,top
D693,69.2,-58.8,90.0,top
D694,72.2,-58.8,90.0,top
D695,75.2,-58.8,90.0,top
D696,78.2,-58.8,90.0,top
D697,57.2,-55.8,90.0,top
D698,60.2,-55.8,90.0,top
D699,63.2,-55.8,90.0,top
D7,27.2,-4.8,90.0,top
D70,48.2,-4.8,90.0,top
D700,66.2,-55.8,90.0,top
D701,69.2,-55.8,90.0,top
D702,72.2,-55.8,90.0,top
D703,75.2,-55.8,90.0,top
D704,78.2,-55.8,90.0,top
D705,81.2,-52.8,90.0,top
D706,84.2,-52.8,90.0,top
D707,87.2,-52.8,90.0,top
D708,90.2,-52.8,90.0,top
D709,93.2,-52.8,90.0,top
D71,51.2,-4.8,90.0,top
D710,96.2,-52.8,90.0,top
D711,99.2,-52.8,90.0,top
D712,102.2,-52.8,90.0,top
D713,81.2,-46.8,90.0,top
D714,84.2,-46.8,90.0,top
D715,87.2,-46.8,90.0,top
D716,90.2,-46.8,90.0,top
D717,93.2,-46.8,90.0,top
D718,96.2,-46.8,90.0,top
D719,99.2,-46.8,90.0,top
D72,54.2,-4.8,90.0,top
D720,102.2,-46.8,90.0,top
D721,81.2,-49.8,90.0,top
D722,84.2,-49.8,90.0,top
D723,87.2,-49.8,90.0,top
D724,90.2,-49.8,90.0,top
D725,93.2,-49.8,90.0,top
D726,96.2,-49.8,90.0,top
D727,99.2,-49.8,90.0,top
D728,102.2,-49.8,90.0,top
D729,81.2,-61.8,90.0,top
D73,33.2,1.2,90.0,top
D730,84.2,-61.8,90.0,top
D731,87.2,-61.8,90.0,top
D732,90.2,-61.8,90.0,top
D733,93.2,-61.8,90.0,top
D734,96.2,-61.8,90.0,top
D735,99.2,-61.8,90.0,top
D736,102.2,-61.8,90.0,top
D737,81.2,-64.8,90.0,top
D738,84.2,-64.8,90.0,top
D739,87.2,-64.8,90.0,top
D74,36.2,1.2,90.0,top
D740,90.2,-64.8,90.0,top
D741,93.2,-64.8,90.0,top
D742,96.2,-64.8,90.0,top
D743,99.2,-64.8,90.0,top
D744,102.2,-64.8,90.0,top
D745,81.2,-67.8,90.0,top
D746,84.2,-67.8,90.0,top
D747,87.200002,-67.8,90.0,top
D748,90.200001,-67.8,90.0,top
D749,93.200001,-67.8,90.0,top
D75,39.2,1.2,90.0,top
D750,96.200001,-67.8,90.0,top
D751,99.200002,-67.8,90.0,top
D752,102.2,-67.8,90.0,top
D753,81.2,-58.8,90.0,top
D754,84.2,-58.8,90.0,top
D755,87.2,-58.8,90.0,top
D756,90.2,-58.8,90.0,top
D757,93.2,-58.8,90.0,top
D758,96.2,-58.8,90.0,top
D759,99.2,-58.8,90.0,top
D76,42.2,1.2,90.0,top
D760,102.2,-58.8,90.0,top
D761,81.2,-55.8,90.0,top
D762,84.2,-55.8,90.0,top
D763,87.2,-55.8,90.0,top
D764,90.2,-55.8,90.0,top
D765,93.2,-55.8,90.0,top
D766,96.2,-55.8,90.0,top
D767,99.2,-55.8,90.0,top
D768,102.2,-55.8,90.0,top
D769,9.2,-76.8,90.0,top
D77,45.2,1.2,90.0,top
D770,12.2,-76.8,90.0,top
D771,15.2,-76.8,90.0,top
D772,18.2,-76.8,90.0,top
D773,21.2,-76.8,90.0,top
D774,24.2,-76.8,90.0,top
D775,27.2,-76.8,90.0,top
D776,30.2,-76.8,90.0,top
D777,9.2,-70.8,90.0,top
D778,12.2,-70.8,90.0,top
D779,15.2,-70.8,90.0,top
D78,48.2,1.2,90.0,top
D780,18.2,-70.8,90.0,top
D781,21.2,-70.8,90.0,top
D782,24.2,-70.8,90.0,top
D783,27.2,-70.8,90.0,top
D784,30.2,-70.8,90.0,top
D785,9.2,-73.8,90.0,top
D786,12.2,-73.8,90.0,top
D787,15.2,-73.8,90.0,top
D788,18.2,-73.8,90.0,top
D789,21.2,-73.8,90.0,top
D79,51.2,1.2,90.0,top
D790,24.2,-73.8,90.0,top
D791,27.2,-73.8,90.0,top
D792,30.2,-73.8,90.0,top
D793,9.2,-85.8,90.0,top
D794,12.2,-85.8,90.0,top
D795,15.2,-85.8,90.0,top
D796,18.2,-85.8,90.0,top
D797,21.2,-85.8,90.0,top
D798,24.2,-85.8,90.0,top
D799,27.2,-85.8,90.0,top
D8,30.2,-4.8,90.0,top
D80,54.2,1.2,90.0,top
D800,30.2,-85.8,90.0,top
D801,9.2,-88.8,90.0,top
D802,12.2,-88.8,90.0,top
D803,15.2,-88.8,90.0,top
D804,18.2,-88.8,90.0,top
D805,21.2,-88.8,90.0,top
D806,24.2,-88.8,90.0,top
D807,27.2,-88.8,90.0,top
D808,30.2,-88.8,90.0,top
D809,9.2,-91.8,90.0,top
D81,33.2,-1.8,90.0,top
D810,12.2,-91.8,90.0,top
D811,15.200002,-91.8,90.0,top
D812,18.200001,-91.8,90.0,top
D813,21.200001,-91.8,90.0,top
D814,24.200001,-91.8,90.0,top
D815,27.200002,-91.8,90.0,top
D816,30.2,-91.8,90.0,top
D817,9.2,-82.8,90.0,top
D818,12.2,-82.8,90.0,top
D819,15.2,-82.8,90.0,top
D82,36.2,-1.8,90.0,top
D820,18.2,-82.8,90.0,top
D821,21.2,-82.8,90.0,top
D822,24.2,-82.8,90.0,top
D823,27.2,-82.8,90.0,top
D824,30.2,-82.8,90.0,top
D825,9.2,-79.8,90.0,top
D826,12.2,-79.8,90.0,top
D827,15.2,-79.8,90.0,top
D828,18.2,-79.8,90.0,top
D829,21.2,-79.8,90.0,top
D83,39.2,-1.8,90.0,top
D830,24.2,-79.8,90.0,top
D831,27.2,-79.8,90.0,top
D832,30.2,-79.8,90.0,top
D833,33.2,-76.8,90.0,top
D834,36.2,-76.8,90.0,top
D835,39.2,-76.8,90.0,top
D836,42.2,-76.8,90.0,top
D837,45.2,-76.8,90.0,top
D838,48.2,-76.8,90.0,top
D839,51.2,-76.8,90.0,top
D84,42.2,-1.8,90.0,top
D840,54.2,-76.8,90.0,top
D841,33.2,-70.8,90.0,top
D842,36.2,-70.8,90.0,top
D843,39.2,-70.8,90.0,top
D844,42.2,-70.8,90.0,top
D845,45.2,-70.8,90.0,top
D846,48.2,-70.8,90.0,top
D847,51.2,-70.8,90.0,top
D848,54.2,-70.8,90.0,top
D849,33.2,-73.8,90.0,top
D85,45.2,-1.8,90.0,top
D850,36.2,-73.8,90.0,top
D851,39.2,-73.8,90.0,top
D852,42.2,-73.8,90.0,top
D853,45.2,-73.8,90.0,top
D854,48.2,-73.8,90.0,top
D855,51.2,-73.8,90.0,top
D856,54.2,-73.8,90.0,top
D857,33.2,-85.8,90.0,top
D858,36.2,-85.8,90.0,top
D859,39.2,-85.8,90.0,top
D86,48.2,-1.8,90.0,top
D860,42.2,-85.8,90.0,top
D861,45.2,-85.8,90.0,top
D862,48.2,-85.8,90.0,top
D863,51.2,-85.8,90.0,top
D864,54.2,-85.8,90.0,top
D865,33.2,-88.8,90.0,top
D866,36.2,-88.8,90.0,top
D867,39.2,-88.8,90.0,top
D868,42.2,-88.8,90.0,top
D869,45.2,-88.8,90.0,top
D87,51.2,-1.8,90.0,top
D870,48.2,-88.8,90.0,top
D871,51.2,-88.8,90.0,top
D872,54.2,-88.8,90.0,top
D873,33.2,-91.8,90.0,top
D874,36.2,-91.8,90.0,top
D875,39.200002,-91.8,90.0,top
D876,42.200001,-91.8,90.0,top
D877,45.200001,-91.8,90.0,top
D878,48.200001,-91.8,90.0,top
D879,51.200002,-91.8,90.0,top
D88,54.2,-1.8,90.0,top
D880,54.2,-91.8,90.0,top
D881,33.2,-82.8,90.0,top
D882,36.2,-82.8,90.0,top
D883,39.2,-82.8,90.0,top
D884,42.2,-82.8,90.0,top
D885,45.2,-82.8,90.0,top
D886,48.2,-82.8,90.0,top
D887,51.2,-82.8,90.0,top
D888,54.2,-82.8,90.0,top
D889,33.2,-79.8,90.0,top
D89,33.2,-13.8,90.0,top
D890,36.2,-79.8,90.0,top
D891,39.2,-79.8,90.0,top
D892,42.2,-79.8,90.0,top
D893,45.2,-79.8,90.0,top
D894,48.2,-79.8,90.0,top
D895,51.2,-79.8,90.0,top
D896,54.2,-79.8,90.0,top
D897,57.2,-76.8,90.0,top
D898,60.2,-76.8,90.0,top
D899,63.2,-76.8,90.0,top
D9,9.2,1.2,90.0,top
D90,36.2,-13.8,90.0,top
D900,66.2,-76.8,90.0,top
D901,69.2,-76.8,90.0,top
D902,72.2,-76.8,90.0,top
D903,75.2,-76.8,90.0,top
D904,78.2,-76.8,90.0,top
D905,57.2,-70.8,90.0,top
D906,60.2,-70.8,90.0,top
D907,63.2,-70.8,90.0,top
D908,66.2,-70.8,90.0,top
D909,69.2,-70.8,90.0,top
D91,39.2,-13.8,90.0,top
D910,72.2,-70.8,90.0,top
D911,75.2,-70.8,90.0,top
D912,78.2,-70.8,90.0,top
D913,57.2,-73.8,90.0,top
D914,60.2,-73.8,90.0,top
D915,63.2,-73.8,90.0,top
D916,66.2,-73.8,90.0,top
D917,69.2,-73.8,90.0,top
D918,72.2,-73.8,90.0,top
D919,75.2,-73.8,90.0,top
D92,42.2,-13.8,90.0,top
D920,78.2,-73.8,90.0,top
D921,57.2,-85.8,90.0,top
D922,60.2,-85.8,90.0,top
D923,63.2,-85.8,90.0,top
D924,66.2,-85.8,90.0,top
D925,69.2,-85.8,90.0,top
D926,72.2,-85.8,90.0,top
D927,75.2,-85.8,90.0,top
D928,78.2,-85.8,90.0,top
D929,57.2,-88.8,90.0,top
D93,45.2,-13.8,90.0,top
D930,60.2,-88.8,90.0,top
D931,63.2,-88.8,90.0,top
D932,66.2,-88.8,90.0,top
D933,69.2,-88.8,90.0,top
D934,72.2,-88.8,90.0,top
D935,75.2,-88.8,90.0,top
D936,78.2,-88.8,90.0,top
D937,57.2,-91.8,90.0,top
D938,60.2,-91.8,90.0,top
D939,63.200002,-91.8,90.0,top
D94,48.2,-13.8,90.0,top
D940,66.200001,-91.8,90.0,top
D941,69.200001,-91.8,90.0,top
D942,72.200001,-91.8,90.0,top
D943,75.200002,-91.8,90.0,top
D944,78.2,-91.8,90.0,top
D945,57.2,-82.8,90.0,top
D946,60.2,-82.8,90.0,top
D947,63.2,-82.8,90.0,top
D948,66.2,-82.8,90.0,top
D949,69.2,-82.8,90.0,top
D95,51.2,-13.8,90.0,top
D950,72.2,-82.8,90.0,top
D951,75.2,-82.8,90.0,top
D952,78.2,-82.8,90.0,top
D953,57.2,-79.8,90.0,top
D954,60.2,-79.8,90.0,top
D955,63.2,-79.8,90.0,top
D956,66.2,-79.8,90.0,top
D957,69.2,-79.8,90.0,top
D958,72.2,-79.8,90.0,top
D959,75.2,-79.8,90.0,top
D96,54.2,-13.8,90.0,top
D960,78.2,-79.8,90.0,top
D961,81.2,-76.8,90.0,top
D962,84.2,-76.8,90.0,top
D963,87.2,-76.8,90.0,top
D964,90.2,-76.8,90.0,top
D965,93.2,-76.8,90.0,top
D966,96.2,-76.8,90.0,top
D967,99.2,-76.8,90.0,top
D968,102.2,-76.8,90.0,top
D969,81.2,-70.8,90.0,top
D97,33.2,-16.8,90.0,top
D970,84.2,-70.8,90.0,top
D971,87.2,-70.8,90.0,top
D972,90.2,-70.8,90.0,top
D973,93.2,-70.8,90.0,top
D974,96.2,-70.8,90.0,top
D975,99.2,-70.8,90.0,top
D976,102.2,-70.8,90.0,top
D977,81.2,-73.8,90.0,top
D978,84.2,-73.8,90.0,top
D979,87.2,-73.8,90.0,top
D98,36.2,-16.8,90.0,top
D980,90.2,-73.8,90.0,top
D981,93.2,-73.8,90.0,top
D982,96.2,-73.8,90.0,top
D983,99.2,-73.8,90.0,top
D984,102.2,-73.8,90.0,top
D985,81.2,-85.8,90.0,top
D986,84.2,-85.8,90.0,top
D987,87.2,-85.8,90.0,top
D988,90.2,-85.8,90.0,top
D989,93.2,-85.8,90.0,top
D99,39.2,-16.8,90.0,top
D990,96.2,-85.8,90.0,top
D991,99.2,-85.8,90.0,top
D992,102.2,-85.8,90.0,top
D993,81.2,-88.8,90.0,top
D994,84.2,-88.8,90.0,top
D995,87.2,-88.8,90.0,top
D996,90.2,-88.8,90.0,top
D997,93.2,-88.8,90.0,top
D998,96.2,-88.8,90.0,top
D999,99.2,-88.8,90.0,top
J1,-9.2,-90.29,0.0,top
L1,-10.6,-67.2,180.0,top
L2,-7.393515,-83.153831,180.0,top
L3,-9.6,-79.8,90.0,top
LED1,-13.6,-79.3,0.0,top
Q1,-5.7,-19.0,180.0,top
Q2,-5.7,-22.4,180.0,top
Q3,-5.7,-25.8,180.0,top
Q4,-5.7,-29.2,180.0,top
Q5,-5.7,-32.6,180.0,top
Q6,-5.7,-36.0,180.0,top
Q7,-5.7,-39.4,180.0,top
Q8,-5.7,-42.8,180.0,top
R1,-6.6,-78.6,0.0,top
R10,6.2,-88.2,0.0,top
R100,105.799999,-56.4,180.0,top
R101,105.799999,-57.4,180.0,top
R102,105.799999,-58.4,180.0,top
R103,105.799999,-59.4,180.0,top
R104,105.8,-60.4,180.0,top
R105,105.8,-61.4,180.0,top
R106,105.8,-62.4,180.0,top
R107,105.799999,-63.4,180.0,top
R108,4.8,-86.4,0.0,top
R109,4.8,-85.4,0.0,top
R11,6.2,-89.2,0.0,top
R110,4.8,-84.4,0.0,top
R111,4.8,-83.4,0.0,top
R112,4.8,-82.4,0.0,top
R113,4.8,-81.4,0.0,top
R114,4.8,-80.4,0.0,top
R115,4.8,-79.4,0.0,top
R116,4.8,-76.0,0.0,top
R117,4.8,-75.0,0.0,top
R118,4.8,-74.0,0.0,top
R119,4.8,-73.0,0.0,top
R12,4.8,-23.8,0.0,top
R120,4.8,-72.0,0.0,top
R121,4.8,-71.0,0.0,top
R122,4.8,-70.0,0.0,top
R123,4.8,-69.0,0.0,top
R124,105.8,-66.8,180.0,top
R125,105.8,-67.8,180.0,top
R126,105.799999,-68.8,180.0,top
R127,105.799999,-69.8,180.0,top
R128,105.8,-70.8,180.0,top
R129,105.799999,-71.8,180.0,top
R13,4.8,-22.8,0.0,top
R130,105.8,-72.8,180.0,top
R131,105.799999,-73.8,180.0,top
R132,105.8,-77.2,180.0,top
R133,105.8,-78.2,180.0,top
R134,105.8,-79.2,180.0,top
R135,105.800001,-80.2,180.0,top
R136,105.8,-81.2,180.0,top
R137,105.800001,-82.2,180.0,top
R138,105.8,-83.2,180.0,top
R139,105.799999,-84.2,180.0,top
R14,4.8,-21.8,0.0,top
R15,4.8,-20.8,0.0,top
R16,4.8,-19.8,0.0,top
R17,4.8,-18.8,0.0,top
R18,4.8,-17.8,0.0,top
R19,4.8,-16.8,0.0,top
R2,-4.7,-67.7,180.0,top
R20,4.8,-13.4,0.0,top
R21,4.8,-12.4,0.0,top
R22,4.8,-11.4,0.0,top
R23,4.8,-10.4,0.0,top
R24,4.8,-9.4,0.0,top
R25,4.8,-8.4,0.0,top
R26,4.8,-7.4,0.0,top
R27,4.8,-6.4,0.0,top
R28,105.8,-4.2,180.0,top
R29,105.8,-5.2,180.0,top
R3,-4.675811,-79.6,0.0,top
R30,105.8,-6.2,180.0,top
R31,105.8,-7.2,180.0,top
R32,105.8,-8.2,180.0,top
R33,105.799999,-9.2,180.0,top
R34,105.799999,-10.2,180.0,top
R35,105.799999,-11.2,180.0,top
R36,105.8,-14.6,180.0,top
R37,105.8,-15.6,180.0,top
R38,105.8,-16.6,180.0,top
R39,105.8,-17.6,180.0,top
R4,-6.6,-68.8,180.0,top
R40,105.8,-18.6,180.0,top
R41,105.8,-19.6,180.0,top
R42,105.8,-20.6,180.0,top
R43,105.8,-21.6,180.0,top
R44,4.8,-44.6,0.0,top
R45,4.8,-43.6,0.0,top
R46,4.8,-42.6,0.0,top
R47,4.8,-41.6,0.0,top
R48,4.8,-40.6,0.0,top
R49,4.8,-39.6,0.0,top
R5,-6.6,-67.7,180.0,top
R50,4.8,-38.6,0.0,top
R51,4.8,-37.6,0.0,top
R52,4.8,-34.2,0.0,top
R53,4.8,-33.2,0.0,top
R54,4.8,-32.2,0.0,top
R55,4.8,-31.2,0.0,top
R56,4.8,-30.2,0.0,top
R57,4.8,-29.2,0.0,top
R58,4.8,-28.2,0.0,top
R59,4.8,-27.2,0.0,top
R6,-5.3,-59.2,270.0,top
R60,105.8,-25.0,180.0,top
R61,105.8,-26.0,180.0,top
R62,105.8,-27.0,180.0,top
R63,105.8,-28.0,180.0,top
R64,105.8,-29.0,180.0,top
R65,105.799999,-30.0,180.0,top
R66,105.8,-31.0,180.0,top
R67,105.8,-32.0,180.0,top
R68,105.8,-35.4,180.0,top
R69,105.799999,-36.4,180.0,top
R7,-14.51,-81.3,0.0,top
R70,105.8,-37.4,180.0,top
R71,105.799999,-38.4,180.0,top
R72,105.8,-39.4,180.0,top
R73,105.799999,-40.4,180.0,top
R74,105.8,-41.4,180.0,top
R75,105.799999,-42.4,180.0,top
R76,4.8,-65.6,0.0,top
R77,4.8,-64.6,0.0,top
R78,4.8,-63.6,0.0,top
R79,4.8,-62.6,0.0,top
R8,-4.2,-50.1,270.0,top
R80,4.8,-61.6,0.0,top
R81,4.8,-60.6,0.0,top
R82,4.8,-59.6,0.0,top
R83,4.8,-58.6,0.0,top
R84,4.8,-55.2,0.0,top
R85,4.8,-54.2,0.0,top
R86,4.8,-53.2,0.0,top
R87,4.8,-52.2,0.0,top
R88,4.8,-51.2,0.0,top
R89,4.8,-50.2,0.0,top
R9,-11.6,-79.3,90.0,top
R90,4.8,-49.2,0.0,top
R91,4.8,-48.2,0.0,top
R92,105.799999,-46.0,180.0,top
R93,105.799999,-47.0,180.0,top
R94,105.799999,-48.0,180.0,top
R95,105.799999,-49.0,180.0,top
R96,105.8,-50.0,180.0,top
R97,105.8,-51.0,180.0,top
R98,105.8,-52.0,180.0,top
R99,105.8,-53.0,180.0,top
SK1,-11.1,-73.3,270.0,top
U1,-6.6,-74.0,0.0,top
U10,110.6,-29.6,270.0,top
U11,110.6,-40.0,270.0,top
U12,0.0,-61.0,90.0,top
U13,0.0,-50.6,90.0,top
U14,110.6,-50.6,270.0,top
U15,110.6,-61.0,270.0,top
U16,0.0,-81.8,90.0,top
U17,0.0,-71.4,90.0,top
U18,110.6,-71.4,270.0,top
U19,110.6,-81.8,270.0,top
U2,-9.6,-54.8,135.0,top
U3,-12.6,-83.6,180.0,top
U4,0.0,-19.2,90.0,top
U5,0.0,-8.8,90.0,top
U6,110.6,-8.8,270.0,top
U7,110.6,-19.2,270.0,top
U8,0.0,-40.0,90.0,top
U9,0.0,-29.6,90.0,top
Y1,-6.1,-47.2,180.0,top
